INSERT INTO Venue (venue_name, location, capacity)
VALUES 
('Fox Theatre', 'Atlanta, GA', 4678),
('Georgia World Congress Center', 'Atlanta, GA', 10200),
('Classic Center', 'Athens, GA', 8000),
('Savannah Civic Center', 'Savannah, GA', 7400),
('Columbus Civic Center', 'Columbus, GA', 10600);

INSERT INTO Event (event_name, event_date, start_time, end_time, description, price, venue_id)
VALUES 
('Broadway Show: The Lion King', '2024-12-01', '19:00:00', '22:00:00', 'Experience the magic of Broadway in Atlanta.', 150.00, 1),
('Tech Conference 2024', '2024-12-05', '09:00:00', '17:00:00', 'Annual tech conference featuring top innovators.', 300.00, 2),
('Holiday Gala', '2024-12-08', '18:30:00', '23:30:00', 'A festive evening with dinner and dancing.', 200.00, 3),
('Savannah Christmas Market', '2024-12-10', '10:00:00', '20:00:00', 'Enjoy local crafts, food, and holiday cheer.', 25.00, 4),
('Columbus Winter Wonderland', '2024-12-12', '12:00:00', '22:00:00', 'Family-friendly holiday event with activities.', 15.00, 5),
('Comedy Night', '2024-12-15', '20:00:00', '23:00:00', 'Laugh the night away with top comedians.', 50.00, 1),
('Startup Pitch Day', '2024-12-17', '09:00:00', '16:00:00', 'Pitch your ideas to leading investors.', 100.00, 2),
('Athens Art Festival', '2024-12-20', '11:00:00', '18:00:00', 'Local art showcase with live music.', 10.00, 3),
('Savannah Holiday Lights', '2024-12-22', '17:30:00', '22:00:00', 'Walk through a dazzling display of lights.', 20.00, 4),
('Columbus New Year Celebration', '2024-12-31', '21:00:00', '01:00:00', 'Ring in the new year with live music and fireworks.', 75.00, 5);
('Atlanta Symphony Orchestra Holiday Concert', '2024-12-02', '19:30:00', '22:00:00', 'A night of classical music and holiday favorites.', 60.00, 1),
('Georgia Tech Robotics Expo', '2024-12-03', '10:00:00', '15:00:00', 'Explore the latest in robotics innovation.', 20.00, 2),
('Winter Wonderland Craft Fair', '2024-12-04', '09:00:00', '16:00:00', 'Shop handmade gifts and crafts.', 5.00, 3),
('Savannah Food and Wine Festival', '2024-12-06', '11:00:00', '20:00:00', 'Savor the best of local cuisine and wine.', 75.00, 4),
('Columbus Christmas Carnival', '2024-12-07', '10:00:00', '18:00:00', 'Enjoy carnival rides, games, and treats.', 30.00, 5),
('Atlanta Ballet Nutcracker', '2024-12-09', '19:00:00', '21:30:00', 'A magical ballet performance for the holidays.', 85.00, 1),
('Cybersecurity Summit', '2024-12-11', '08:30:00', '17:00:00', 'Discuss the latest in cybersecurity trends.', 250.00, 2),
('Athens Winter Film Festival', '2024-12-13', '18:00:00', '23:00:00', 'Showcasing independent and local films.', 15.00, 3),
('Savannah Jazz Night', '2024-12-14', '20:00:00', '23:00:00', 'An evening of smooth jazz and great vibes.', 50.00, 4),
('Columbus Ice Skating Extravaganza', '2024-12-16', '15:00:00', '19:00:00', 'Spectacular ice skating performances.', 40.00, 5),
('Atlanta Holiday Pop-Up Market', '2024-12-18', '10:00:00', '18:00:00', 'Find unique gifts and holiday goods.', 10.00, 1),
('Tech for Tomorrow Hackathon', '2024-12-19', '08:00:00', '20:00:00', 'Solve real-world challenges with code.', 30.00, 2),
('Athens Holiday Choral Performance', '2024-12-21', '17:00:00', '20:00:00', 'Beautiful choral renditions of holiday classics.', 25.00, 3),
('Savannah Holiday Boat Parade', '2024-12-23', '18:00:00', '21:00:00', 'Watch festive boats light up the night.', 35.00, 4),
('Columbus Christmas Play', '2024-12-24', '15:00:00', '17:00:00', 'A family-friendly Christmas theatrical production.', 20.00, 5),
('Atlanta New Year Countdown Party', '2024-12-31', '20:00:00', '02:00:00', 'Celebrate the new year with music and drinks.', 100.00, 1),
('Future of AI Conference', '2024-12-26', '09:00:00', '17:00:00', 'Discuss the impact of AI in various industries.', 200.00, 2),
('Athens Science Fair', '2024-12-27', '10:00:00', '16:00:00', 'A showcase of amazing science projects.', 10.00, 3),
('Savannah Fine Arts Showcase', '2024-12-28', '11:00:00', '18:00:00', 'Celebrate the work of talented artists.', 15.00, 4),
('Columbus Winter Concert Series', '2024-12-29', '19:00:00', '22:00:00', 'Enjoy live performances by various artists.', 50.00, 5);

INSERT INTO User (user_id, created_at, email, hashed_password, role, salt, username)
VALUES 
    (1, '2024-11-24 21:18:21.543579', 'jtm87502@uga.edu', '4tVXJwcMbolm7rMOVNvORYmgiDkFLrv/dhGBOtwGo1A=', 'user', 'NJnGRZqlxEOMlkk+uPTWEA==', 'jtmaurer'),
    (2, '2024-11-24 21:18:59.756951', 'kim@uga.edu', 'krM0szFd7icrLiLThEVXJZ6xrpAj4cT4NJlULpIc+dA=', 'user', 'Yrg3cXlSDpv18YuGbg2HHA==', 'kimmy'),
    (3, '2024-11-24 21:19:29.886334', 'astro@gmail.com', 'W+NtJFG8yxyYXHWvZXSMZAM++fzrLMEUcPAXJAfMLws=', 'user', 'WJcB4Hq3KejPlg3VSS333Q==', 'astro'),
    (4, '2024-11-24 21:20:38.967191', 'jman@gmail.com', 'Bx89BC2OK6AgVDECXAnkN/qUzcpql0aDhd8afrdvjPs=', 'user', 'LWJ3qbbpYytZ7u8Vf7i5bg==', 'jman'),
    (5, '2024-11-24 21:21:00.206102', 'pdog@outlook.com', 'e7vRUDfLqNaOF88QcBvpjMErHBZ0QRZSoKgYnrTuAH4=', 'user', 'SZnx8mQfSU2ew8/4Bon1kQ==', 'pdog'),
    (6, '2024-11-24 21:21:37.289810', 'nipsey@outlook.com', 'vgVczkdkUFAyZ3olzVdUdJIuiNDEQrWP3z80sUtjmpQ=', 'user', 'NuwbI+jC0Q26JnTIzgPPXw==', 'nipsey'),
    (7, '2024-11-24 21:22:07.625546', 'turtle@outlook.com', 'C6Msv+AymoRG61cZOFcHo1YbLjgjLYEyfjEJFEqvRy8=', 'user', 'rOIz33C4b2KsMDJoYEW6Uw==', 'smallturtle');
						
INSERT INTO Orders (order_id, order_date, number_of_tickets, event_id, user_id)
VALUES
    (1, '2024-11-01', 2, 1, 1),
    (2, '2024-11-02', 1, 2, 2),
    (3, '2024-11-03', 3, 3, 3),
    (4, '2024-11-04', 1, 4, 4),
    (5, '2024-11-05', 2, 5, 5),
    (6, '2024-11-06', 3, 6, 6),
    (7, '2024-11-07', 1, 7, 7),
    (8, '2024-11-08', 2, 8, 1),
    (9, '2024-11-09', 3, 9, 2),
    (10, '2024-11-10', 1, 10, 3),
    (11, '2024-11-11', 2, 1, 4),
    (12, '2024-11-12', 1, 2, 5),
    (13, '2024-11-13', 3, 3, 6),
    (14, '2024-11-14', 2, 4, 7),
    (15, '2024-11-15', 1, 5, 1),
    (16, '2024-11-16', 2, 6, 2),
    (17, '2024-11-17', 3, 7, 3),
    (18, '2024-11-18', 1, 8, 4),
    (19, '2024-11-19', 2, 9, 5),
    (20, '2024-11-20', 1, 10, 6),
    (21, '2024-11-21', 3, 1, 7),
    (22, '2024-11-22', 2, 2, 1),
    (23, '2024-11-23', 1, 3, 2),
    (24, '2024-11-24', 2, 4, 3),
    (25, '2024-11-25', 3, 5, 4),
    (26, '2024-11-26', 1, 6, 5),
    (27, '2024-11-27', 2, 7, 6),
    (28, '2024-11-28', 1, 8, 7),
    (29, '2024-11-29', 2, 9, 1),
    (30, '2024-11-30', 3, 10, 2),
    (31, '2024-11-01', 1, 1, 3),
    (32, '2024-11-02', 2, 2, 4),
    (33, '2024-11-03', 3, 3, 5),
    (34, '2024-11-04', 2, 4, 6),
    (35, '2024-11-05', 1, 5, 7),
    (36, '2024-11-06', 2, 6, 1),
    (37, '2024-11-07', 1, 7, 2),
    (38, '2024-11-08', 3, 8, 3),
    (39, '2024-11-09', 2, 9, 4),
    (40, '2024-11-10', 1, 10, 5),
    (41, '2024-11-11', 3, 1, 6),
    (42, '2024-11-12', 2, 2, 7),
    (43, '2024-11-13', 1, 3, 1),
    (44, '2024-11-14', 2, 4, 2),
    (45, '2024-11-15', 3, 5, 3),
    (46, '2024-11-16', 1, 6, 4),
    (47, '2024-11-17', 2, 7, 5),
    (48, '2024-11-18', 3, 8, 6),
    (49, '2024-11-19', 2, 9, 7),
    (50, '2024-11-20', 1, 10, 1);

INSERT INTO Payment (payment_id, payment_method, amount, order_id)
VALUES
    (1, 'Credit Card', 300.00, 1),
    (2, 'PayPal', 300.00, 2),
    (3, 'Credit Card', 600.00, 3),
    (4, 'Debit Card', 25.00, 4),
    (5, 'PayPal', 30.00, 5),
    (6, 'Credit Card', 45.00, 6),
    (7, 'Debit Card', 150.00, 7),
    (8, 'Credit Card', 100.00, 8),
    (9, 'PayPal', 90.00, 9),
    (10, 'Credit Card', 150.00, 10),
    (11, 'Debit Card', 300.00, 11),
    (12, 'PayPal', 300.00, 12),
    (13, 'Credit Card', 600.00, 13),
    (14, 'Debit Card', 25.00, 14),
    (15, 'PayPal', 30.00, 15),
    (16, 'Credit Card', 45.00, 16),
    (17, 'Debit Card', 150.00, 17),
    (18, 'Credit Card', 100.00, 18),
    (19, 'PayPal', 90.00, 19),
    (20, 'Credit Card', 150.00, 20),
    (21, 'Debit Card', 300.00, 21),
    (22, 'PayPal', 300.00, 22),
    (23, 'Credit Card', 600.00, 23),
    (24, 'Debit Card', 25.00, 24),
    (25, 'PayPal', 30.00, 25),
    (26, 'Credit Card', 45.00, 26),
    (27, 'Debit Card', 150.00, 27),
    (28, 'Credit Card', 100.00, 28),
    (29, 'PayPal', 90.00, 29),
    (30, 'Credit Card', 150.00, 30),
    (31, 'Debit Card', 300.00, 31),
    (32, 'PayPal', 300.00, 32),
    (33, 'Credit Card', 600.00, 33),
    (34, 'Debit Card', 25.00, 34),
    (35, 'PayPal', 30.00, 35),
    (36, 'Credit Card', 45.00, 36),
    (37, 'Debit Card', 150.00, 37),
    (38, 'Credit Card', 100.00, 38),
    (39, 'PayPal', 90.00, 39),
    (40, 'Credit Card', 150.00, 40),
    (41, 'Debit Card', 300.00, 41),
    (42, 'PayPal', 300.00, 42),
    (43, 'Credit Card', 600.00, 43),
    (44, 'Debit Card', 25.00, 44),
    (45, 'PayPal', 30.00, 45),
    (46, 'Credit Card', 45.00, 46),
    (47, 'Debit Card', 150.00, 47),
    (48, 'Credit Card', 100.00, 48),
    (49, 'PayPal', 90.00, 49),
    (50, 'Credit Card', 150.00, 50);

INSERT INTO Ticket (ticket_id, seat_number, order_id)
VALUES
    (1, 'A1', 1),
    (2, 'A2', 1),
    (3, 'B1', 2),
    (4, 'C1', 3),
    (5, 'C2', 3),
    (6, 'C3', 3),
    (7, 'D1', 4),
    (8, 'E1', 5),
    (9, 'E2', 5),
    (10, 'F1', 6),
    (11, 'F2', 6),
    (12, 'F3', 6),
    (13, 'G1', 7),
    (14, 'H1', 8),
    (15, 'H2', 8),
    (16, 'I1', 9),
    (17, 'I2', 9),
    (18, 'I3', 9),
    (19, 'J1', 10),
    (20, 'K1', 11),
    (21, 'K2', 11),
    (22, 'L1', 12),
    (23, 'M1', 13),
    (24, 'M2', 13),
    (25, 'M3', 13),
    (26, 'N1', 14),
    (27, 'N2', 14),
    (28, 'O1', 15),
    (29, 'P1', 16),
    (30, 'P2', 16),
    (31, 'Q1', 17),
    (32, 'Q2', 17),
    (33, 'Q3', 17),
    (34, 'R1', 18),
    (35, 'S1', 19),
    (36, 'S2', 19),
    (37, 'T1', 20),
    (38, 'U1', 21),
    (39, 'U2', 21),
    (40, 'V1', 22),
    (41, 'W1', 23),
    (42, 'W2', 24),
    (43, 'X1', 25),
    (44, 'X2', 25),
    (45, 'X3', 26),
    (46, 'Y1', 27),
    (47, 'Y2', 27),
    (48, 'Z1', 28),
    (49, 'AA1', 29),
    (50, 'AA2', 29),
    (51, 'AB1', 30),
    (52, 'AC1', 31),
    (53, 'AD1', 32),
    (54, 'AE1', 33),
    (55, 'AE2', 33),
    (56, 'AE3', 33),
    (57, 'AF1', 34),
    (58, 'AG1', 35),
    (59, 'AG2', 35),
    (60, 'AH1', 36),
    (61, 'AI1', 37),
    (62, 'AI2', 37),
    (63, 'AJ1', 38),
    (64, 'AK1', 39),
    (65, 'AK2', 39),
    (66, 'AL1', 40),
    (67, 'AM1', 41),
    (68, 'AM2', 41),
    (69, 'AN1', 42),
    (70, 'AO1', 43),
    (71, 'AP1', 44),
    (72, 'AP2', 45),
    (73, 'AQ1', 46),
    (74, 'AQ2', 46),
    (75, 'AR1', 47),
    (76, 'AR2', 47),
    (77, 'AR3', 48),
    (78, 'AS1', 49),
    (79, 'AS2', 49),
    (80, 'AT1', 50);

    
-- -- Insert dummy data
-- INSERT INTO Users (username, hashed_password, salt) VALUES
-- ('john_doe', 'hashedpassword123', 'randomsalt1'),
-- ('jane_doe', 'hashedpassword456', 'randomsalt2'),
-- ('user_test', 'hashedpassword789', 'randomsalt3');
